file,center_nm,width_nm
spectrum_1.csv,754.9874910212208,0.49436154158424916
spectrum_2.csv,755.9993511286322,0.4930218457980189
spectrum_3.csv,756.9995702887876,0.5160105877707225
spectrum_4.csv,758.0018195353391,0.4935871587597303
spectrum_5.csv,759.0042058580349,0.4918627353030624
